Workbook

Sheet Sheet1
A1: Sales Data | L1: SECTION B | AD1: Section C | AJ1: q1 | AL1: q2 | AN1: q3 | AT1: q4 | AV1: q5 | AX1: q6 | AZ1: q7 with chart | BB1: q8 highest net sale on tap | BD1: q9 | BF1: q10
L2: q1 | M2: q2 | O2: q3 | Q2: q4 | R2: q5 | T2: q6 | V2: q7 | W2: q8 | X2: q9 | Y2: q10 | Z2: q11 | AA2: q12 | AB2: q13 | AC2: q14 | AD2: q1 | AE2: q2 | AF2: q3 | AG2: q4 | AH2: q5 | AI2: q6 | AJ2: Region | AK2: Sum of Net Sales | AL2: Product | AM2: Sum of Units | AN2: Sum of Net Sales | AO2: Region | AT2: Salesperson | AU2: Sum of Net Sales | AV2: Customer Type | AW2: Sum of Net Sales | AX2: Month | AY2: Sum of Net Sales | AZ2: Region | BA2: Sum of Net Sales | BB2: Region | BC2: Sum of Net Sales | BD2: Category | BE2: Average of Unit price | BF2: Region
A3: Order ID | B3: Date | C3: Month | D3: Region | E3: Salesperson | F3: Product | G3: Category | H3: Units | I3: Unit price | J3: Discount | K3: Customer Type | L3: Gross Sales | M3: Net Sales | O3: =SUM(H4:H23) -> 196 | P3: =SUM(M4:M23) -> 5781358.5 | Q3: =AVERAGE(I4:I23) -> 65340 | R3: =MAX(Sheet1!$I$4:$I$23) -> 570000 | S3: =MIN(Sheet1!$I$4:$I$23) -> 850 | T3: =COUNT(Sheet1!$A$4:$M$23) -> 120 | U3: =COUNTA(Sheet1!$A$4:$A$23) -> 20 | V3: =COUNTIF(Sheet1!$G$4:$G$23,"Electronics") -> 8 | W3: =SUMIF(Sheet1!$D$4:$D$23, "North",Sheet1!$M$4:$M$23) -> 385000 | X3: =SUMIFS(Sheet1!$M$4:$M$23, Sheet1!$D$4:$D$23,"West", Sheet1!$G$4:$G$23, "Accessories") -> 49167.5 | Y3: =COUNTIFS(Sheet1!$G$4:$G$23, "Accessories", Sheet1!$K$4:$K$23, "Retail") -> 8 | Z3: Performance | AJ3: East | AK3: 3070860 | AL3: Keyboard | AM3: 51 | AN3: Category | AO3: East | AP3: North | AQ3: South | AR3: West | AS3: Grand Total | AT3: Aarav | AU3: 282150 | AV3: Corporate | AW3: 3882540 | AX3: Feb-2026 | AY3: 3978313.5 | AZ3: East | BA3: 3070860 | BB3: East | BC3: 3070860 | BD3: Accessories | BE3: 1550 | BF3: East
A4: O1001 | B4: 46027 | C4: =TEXT(B4, "mmm-yyyy") -> Jan-2026 | D4: North | E4: Aarav | F4: Laptop | G4: Electronics | H4: 3 | I4: 55000 | J4: 0.05 | K4: Retail | L4: =H4*I4 -> 165000 | M4: =L4-H4*I4*J4 -> 156750 | Z4: =IF(M4>=100000,"High", "Normal") -> High | AA4: {=ROUND((M4:M23), 0)} -> 156750 | AB4: =LEFT(Sheet1!$A4, 3) -> O10 | AC4: =MONTH(B4) -> 1 | AD4: =_xlfn.XLOOKUP(F4, Sheet1!$F$4:$F$23,Sheet1!$G$4:$G$23,"", 1) -> Electronics | AE4: =_xlfn.XLOOKUP(F4, Sheet1!$F$4:$F$23, Sheet1!$L$4:$L$23, "", 1) -> 165000 | AF4: =IF(I4>L4,"standard", "within standard") -> within standard | AG4: =IF(K4="Retail", "Retail", " Corporate ") -> Retail | AH4: =IF(AND(J4>0.05, K4="Corporate"),"having both", "not having") -> not having | AI4: =IF(OR(D4="North", D4="South"),"having ", "not having") -> having | AJ4: North | AK4: 385000 | AL4: Laptop | AM4: 12 | AN4: Accessories | AO4: 51740 | AP4: 39850 | AQ4: 38016 | AR4: 49167.5 | AS4: 178773.5 | AT4: Diya | AU4: 90000 | AV4: Retail | AW4: 1898818.5 | AX4: Jan-2026 | AY4: 675525 | AZ4: North | BA4: 385000 | BB4: South | BC4: 1343291 | BD4: Electronics | BE4: 121362.5 | BF4: North
A5: O1002 | B5: 46029 | C5: =TEXT(B5, "mmm-yyyy") -> Jan-2026 | D5: West | E5: Diya | F5: Monitor | G5: Electronics | H5: 5 | I5: 18000 | J5: 0 | K5: Corporate | L5: =H5*I5 -> 90000 | M5: =L5-H5*I5*J5 -> 90000 | Z5: =IF(M5>=100000,"High", "Normal") -> Normal | AA5: 90000 | AB5: =LEFT(Sheet1!$A5, 3) -> O10 | AC5: =MONTH(B5) -> 1 | AD5: =_xlfn.XLOOKUP(F5, Sheet1!$F$4:$F$23,Sheet1!$G$4:$G$23,"", 1) -> Electronics | AE5: =_xlfn.XLOOKUP(F5, Sheet1!$F$4:$F$23, Sheet1!$L$4:$L$23, "", 1) -> 90000 | AF5: =IF(I5>L5,"standard", "within standard") -> within standard | AG5: =IF(K5="Retail", "Retail", " Corporate ") -> Corporate | AH5: =IF(AND(J5>0.05, K5="Corporate"),"having both", "not having") -> not having | AI5: =IF(OR(D5="North", D5="South"),"having ", "not having") -> not having | AJ5: South | AK5: 1343291 | AL5: Monitor | AM5: 26 | AN5: Electronics | AO5: 2964020 | AP5: 264150 | AQ5: 334375 | AR5: 193040 | AS5: 3755585 | AT5: Kabir | AU5: 1343291 | AV5: Grand Total | AW5: 5781358.5 | AX5: Mar-2026 | AY5: 1127520 | AZ5: South | BA5: 1343291 | BB5: West | BC5: 982207.5 | BD5: Office | BE5: 80875 | BF5: South
A6: O1003 | B6: 46031 | C6: =TEXT(B6, "mmm-yyyy") -> Jan-2026 | D6: South | E6: Kabir | F6: Keyboard | G6: Accessories | H6: 12 | I6: 2200 | J6: 0.1 | K6: Retail | L6: =H6*I6 -> 26400 | M6: =L6-H6*I6*J6 -> 23760 | Z6: =IF(M6>=100000,"High", "Normal") -> Normal | AA6: 23760 | AB6: =LEFT(Sheet1!$A6, 3) -> O10 | AC6: =MONTH(B6) -> 1 | AD6: =_xlfn.XLOOKUP(F6, Sheet1!$F$4:$F$23,Sheet1!$G$4:$G$23,"", 1) -> Accessories | AE6: =_xlfn.XLOOKUP(F6, Sheet1!$F$4:$F$23, Sheet1!$L$4:$L$23, "", 1) -> 26400 | AF6: =IF(I6>L6,"standard", "within standard") -> within standard | AG6: =IF(K6="Retail", "Retail", " Corporate ") -> Retail | AH6: =IF(AND(J6>0.05, K6="Corporate"),"having both", "not having") -> not having | AI6: =IF(OR(D6="North", D6="South"),"having ", "not having") -> having | AJ6: West | AK6: 982207.5 | AL6: Mouse | AM6: 85 | AN6: Office | AO6: 55100 | AP6: 81000 | AQ6: 970900 | AR6: 740000 | AS6: 1847000 | AT6: Meera | AU6: 3070860 | AX6: Grand Total | AY6: 5781358.5 | AZ6: West | BA6: 982207.5 | BB6: North | BC6: 385000 | BD6: Grand Total | BE6: 65340 | BF6: West
A7: O1004 | B7: 46034 | C7: =TEXT(B7, "mmm-yyyy") -> Jan-2026 | D7: East | E7: Meera | F7: Printer | G7: Office | H7: 4 | I7: 14500 | J7: 0.05 | K7: Corporate | L7: =H7*I7 -> 58000 | M7: =L7-H7*I7*J7 -> 55100 | Z7: =IF(M7>=100000,"High", "Normal") -> Normal | AA7: 55100 | AB7: =LEFT(Sheet1!$A7, 3) -> O10 | AC7: =MONTH(B7) -> 1 | AD7: =_xlfn.XLOOKUP(F7, Sheet1!$F$4:$F$23,Sheet1!$G$4:$G$23,"", 1) -> Office | AE7: =_xlfn.XLOOKUP(F7, Sheet1!$F$4:$F$23, Sheet1!$L$4:$L$23, "", 1) -> 58000 | AF7: =IF(I7>L7,"standard", "within standard") -> within standard | AG7: =IF(K7="Retail", "Retail", " Corporate ") -> Corporate | AH7: =IF(AND(J7>0.05, K7="Corporate"),"having both", "not having") -> not having | AI7: =IF(OR(D7="North", D7="South"),"having ", "not having") -> not having | AJ7: Grand Total | AK7: 5781358.5 | AL7: Printer | AM7: 22 | AN7: Grand Total | AO7: 3070860 | AP7: 385000 | AQ7: 1343291 | AR7: 982207.5 | AS7: 5781358.5 | AT7: Riya | AU7: 892207.5 | AZ7: Grand Total | BA7: 5781358.5 | BB7: Grand Total | BC7: 5781358.5 | BF7: Grand Total
A8: O1005 | B8: 46037 | C8: =TEXT(B8, "mmm-yyyy") -> Jan-2026 | D8: North | E8: Aarav | F8: Mouse | G8: Accessories | H8: 20 | I8: 900 | J8: 0 | K8: Retail | L8: =H8*I8 -> 18000 | M8: =L8-H8*I8*J8 -> 18000 | Z8: =IF(M8>=100000,"High", "Normal") -> Normal | AA8: 18000 | AB8: =LEFT(Sheet1!$A8, 3) -> O10 | AC8: =MONTH(B8) -> 1 | AD8: =_xlfn.XLOOKUP(F8, Sheet1!$F$4:$F$23,Sheet1!$G$4:$G$23,"", 1) -> Accessories | AE8: =_xlfn.XLOOKUP(F8, Sheet1!$F$4:$F$23, Sheet1!$L$4:$L$23, "", 1) -> 18000 | AF8: =IF(I8>L8,"standard", "within standard") -> within standard | AG8: =IF(K8="Retail", "Retail", " Corporate ") -> Retail | AH8: =IF(AND(J8>0.05, K8="Corporate"),"having both", "not having") -> not having | AI8: =IF(OR(D8="North", D8="South"),"having ", "not having") -> having | AL8: Grand Total | AM8: 196 | AT8: Zoya | AU8: 102850
A9: O1006 | B9: 46040 | C9: =TEXT(B9, "mmm-yyyy") -> Jan-2026 | D9: West | E9: Riya | F9: Laptop | G9: Electronics | H9: 2 | I9: 56000 | J9: 0.08 | K9: Corporate | L9: =H9*I9 -> 112000 | M9: =L9-H9*I9*J9 -> 103040 | Z9: =IF(M9>=100000,"High", "Normal") -> High | AA9: 103040 | AB9: =LEFT(Sheet1!$A9, 3) -> O10 | AC9: =MONTH(B9) -> 1 | AD9: =_xlfn.XLOOKUP(F9, Sheet1!$F$4:$F$23,Sheet1!$G$4:$G$23,"", 1) -> Electronics | AE9: =_xlfn.XLOOKUP(F9, Sheet1!$F$4:$F$23, Sheet1!$L$4:$L$23, "", 1) -> 165000 | AF9: =IF(I9>L9,"standard", "within standard") -> within standard | AG9: =IF(K9="Retail", "Retail", " Corporate ") -> Corporate | AH9: =IF(AND(J9>0.05, K9="Corporate"),"having both", "not having") -> having both | AI9: =IF(OR(D9="North", D9="South"),"having ", "not having") -> not having | AT9: Grand Total | AU9: 5781358.5
A10: O1007 | B10: 46043 | C10: =TEXT(B10, "mmm-yyyy") -> Jan-2026 | D10: South | E10: Kabir | F10: Monitor | G10: Electronics | H10: 7 | I10: 17500 | J10: 0.05 | K10: Retail | L10: =H10*I10 -> 122500 | M10: =L10-H10*I10*J10 -> 116375 | Z10: =IF(M10>=100000,"High", "Normal") -> High | AA10: 116375 | AB10: =LEFT(Sheet1!$A10, 3) -> O10 | AC10: =MONTH(B10) -> 1 | AD10: =_xlfn.XLOOKUP(F10, Sheet1!$F$4:$F$23,Sheet1!$G$4:$G$23,"", 1) -> Electronics | AE10: =_xlfn.XLOOKUP(F10, Sheet1!$F$4:$F$23, Sheet1!$L$4:$L$23, "", 1) -> 90000 | AF10: =IF(I10>L10,"standard", "within standard") -> within standard | AG10: =IF(K10="Retail", "Retail", " Corporate ") -> Retail | AH10: =IF(AND(J10>0.05, K10="Corporate"),"having both", "not having") -> not having | AI10: =IF(OR(D10="North", D10="South"),"having ", "not having") -> having
A11: O1008 | B11: 46046 | C11: =TEXT(B11, "mmm-yyyy") -> Jan-2026 | D11: East | E11: Meera | F11: Keyboard | G11: Accessories | H11: 15 | I11: 2100 | J11: 0 | K11: Retail | L11: =H11*I11 -> 31500 | M11: =L11-H11*I11*J11 -> 31500 | Z11: =IF(M11>=100000,"High", "Normal") -> Normal | AA11: 31500 | AB11: =LEFT(Sheet1!$A11, 3) -> O10 | AC11: =MONTH(B11) -> 1 | AD11: =_xlfn.XLOOKUP(F11, Sheet1!$F$4:$F$23,Sheet1!$G$4:$G$23,"", 1) -> Accessories | AE11: =_xlfn.XLOOKUP(F11, Sheet1!$F$4:$F$23, Sheet1!$L$4:$L$23, "", 1) -> 26400 | AF11: =IF(I11>L11,"standard", "within standard") -> within standard | AG11: =IF(K11="Retail", "Retail", " Corporate ") -> Retail | AH11: =IF(AND(J11>0.05, K11="Corporate"),"having both", "not having") -> not having | AI11: =IF(OR(D11="North", D11="South"),"having ", "not having") -> not having
A12: O1009 | B12: 46050 | C12: =TEXT(B12, "mmm-yyyy") -> Jan-2026 | D12: North | E12: Zoya | F12: Printer | G12: Office | H12: 6 | I12: 15000 | J12: 0.1 | K12: Corporate | L12: =H12*I12 -> 90000 | M12: =L12-H12*I12*J12 -> 81000 | Z12: =IF(M12>=100000,"High", "Normal") -> Normal | AA12: 81000 | AB12: =LEFT(Sheet1!$A12, 3) -> O10 | AC12: =MONTH(B12) -> 1 | AD12: =_xlfn.XLOOKUP(F12, Sheet1!$F$4:$F$23,Sheet1!$G$4:$G$23,"", 1) -> Office | AE12: =_xlfn.XLOOKUP(F12, Sheet1!$F$4:$F$23, Sheet1!$L$4:$L$23, "", 1) -> 58000 | AF12: =IF(I12>L12,"standard", "within standard") -> within standard | AG12: =IF(K12="Retail", "Retail", " Corporate ") -> Corporate | AH12: =IF(AND(J12>0.05, K12="Corporate"),"having both", "not having") -> having both | AI12: =IF(OR(D12="North", D12="South"),"having ", "not having") -> having
A13: O1010 | B13: 46055 | C13: =TEXT(B13, "mmm-yyyy") -> Feb-2026 | D13: West | E13: Riya | F13: Mouse | G13: Accessories | H13: 25 | I13: 850 | J13: 0.05 | K13: Retail | L13: =H13*I13 -> 21250 | M13: =L13-H13*I13*J13 -> 20187.5 | Z13: =IF(M13>=100000,"High", "Normal") -> Normal | AA13: 20188 | AB13: =LEFT(Sheet1!$A13, 3) -> O10 | AC13: =MONTH(B13) -> 2 | AD13: =_xlfn.XLOOKUP(F13, Sheet1!$F$4:$F$23,Sheet1!$G$4:$G$23,"", 1) -> Accessories | AE13: =_xlfn.XLOOKUP(F13, Sheet1!$F$4:$F$23, Sheet1!$L$4:$L$23, "", 1) -> 18000 | AF13: =IF(I13>L13,"standard", "within standard") -> within standard | AG13: =IF(K13="Retail", "Retail", " Corporate ") -> Retail | AH13: =IF(AND(J13>0.05, K13="Corporate"),"having both", "not having") -> not having | AI13: =IF(OR(D13="North", D13="South"),"having ", "not having") -> not having
A14: O1011 | B14: 46058 | C14: =TEXT(B14, "mmm-yyyy") -> Feb-2026 | D14: South | E14: Kabir | F14: Laptop | G14: Electronics | H14: 4 | I14: 54500 | J14: 0 | K14: Corporate | L14: =H14*I14 -> 218000 | M14: =L14-H14*I14*J14 -> 218000 | Z14: =IF(M14>=100000,"High", "Normal") -> High | AA14: 218000 | AB14: =LEFT(Sheet1!$A14, 3) -> O10 | AC14: =MONTH(B14) -> 2 | AD14: =_xlfn.XLOOKUP(F14, Sheet1!$F$4:$F$23,Sheet1!$G$4:$G$23,"", 1) -> Electronics | AE14: =_xlfn.XLOOKUP(F14, Sheet1!$F$4:$F$23, Sheet1!$L$4:$L$23, "", 1) -> 165000 | AF14: =IF(I14>L14,"standard", "within standard") -> within standard | AG14: =IF(K14="Retail", "Retail", " Corporate ") -> Corporate | AH14: =IF(AND(J14>0.05, K14="Corporate"),"having both", "not having") -> not having | AI14: =IF(OR(D14="North", D14="South"),"having ", "not having") -> having
A15: O1012 | B15: 46062 | C15: =TEXT(B15, "mmm-yyyy") -> Feb-2026 | D15: East | E15: Meera | F15: Monitor | G15: Electronics | H15: 8 | I15: 182000 | J15: 0.08 | K15: Retail | L15: =H15*I15 -> 1456000 | M15: =L15-H15*I15*J15 -> 1339520 | Z15: =IF(M15>=100000,"High", "Normal") -> High | AA15: 1339520 | AB15: =LEFT(Sheet1!$A15, 3) -> O10 | AC15: =MONTH(B15) -> 2 | AD15: =_xlfn.XLOOKUP(F15, Sheet1!$F$4:$F$23,Sheet1!$G$4:$G$23,"", 1) -> Electronics | AE15: =_xlfn.XLOOKUP(F15, Sheet1!$F$4:$F$23, Sheet1!$L$4:$L$23, "", 1) -> 90000 | AF15: =IF(I15>L15,"standard", "within standard") -> within standard | AG15: =IF(K15="Retail", "Retail", " Corporate ") -> Retail | AH15: =IF(AND(J15>0.05, K15="Corporate"),"having both", "not having") -> not having | AI15: =IF(OR(D15="North", D15="South"),"having ", "not having") -> not having
A16: O1013 | B16: 46066 | C16: =TEXT(B16, "mmm-yyyy") -> Feb-2026 | D16: North | E16: Zoya | F16: Keyboard | G16: Accessories | H16: 10 | I16: 2300 | J16: 0.05 | K16: Retail | L16: =H16*I16 -> 23000 | M16: =L16-H16*I16*J16 -> 21850 | Z16: =IF(M16>=100000,"High", "Normal") -> Normal | AA16: 21850 | AB16: =LEFT(Sheet1!$A16, 3) -> O10 | AC16: =MONTH(B16) -> 2 | AD16: =_xlfn.XLOOKUP(F16, Sheet1!$F$4:$F$23,Sheet1!$G$4:$G$23,"", 1) -> Accessories | AE16: =_xlfn.XLOOKUP(F16, Sheet1!$F$4:$F$23, Sheet1!$L$4:$L$23, "", 1) -> 26400 | AF16: =IF(I16>L16,"standard", "within standard") -> within standard | AG16: =IF(K16="Retail", "Retail", " Corporate ") -> Retail | AH16: =IF(AND(J16>0.05, K16="Corporate"),"having both", "not having") -> not having | AI16: =IF(OR(D16="North", D16="South"),"having ", "not having") -> having
A17: O1014 | B17: 46070 | C17: =TEXT(B17, "mmm-yyyy") -> Feb-2026 | D17: West | E17: Riya | F17: Printer | G17: Office | H17: 5 | I17: 148000 | J17: 0 | K17: Corporate | L17: =H17*I17 -> 740000 | M17: =L17-H17*I17*J17 -> 740000 | Z17: =IF(M17>=100000,"High", "Normal") -> High | AA17: 740000 | AB17: =LEFT(Sheet1!$A17, 3) -> O10 | AC17: =MONTH(B17) -> 2 | AD17: =_xlfn.XLOOKUP(F17, Sheet1!$F$4:$F$23,Sheet1!$G$4:$G$23,"", 1) -> Office | AE17: =_xlfn.XLOOKUP(F17, Sheet1!$F$4:$F$23, Sheet1!$L$4:$L$23, "", 1) -> 58000 | AF17: =IF(I17>L17,"standard", "within standard") -> within standard | AG17: =IF(K17="Retail", "Retail", " Corporate ") -> Corporate | AH17: =IF(AND(J17>0.05, K17="Corporate"),"having both", "not having") -> not having | AI17: =IF(OR(D17="North", D17="South"),"having ", "not having") -> not having
A18: O1015 | B18: 46074 | C18: =TEXT(B18, "mmm-yyyy") -> Feb-2026 | D18: South | E18: Kabir | F18: Mouse | G18: Accessories | H18: 18 | I18: 880 | J18: 0.1 | K18: Retail | L18: =H18*I18 -> 15840 | M18: =L18-H18*I18*J18 -> 14256 | Z18: =IF(M18>=100000,"High", "Normal") -> Normal | AA18: 14256 | AB18: =LEFT(Sheet1!$A18, 3) -> O10 | AC18: =MONTH(B18) -> 2 | AD18: =_xlfn.XLOOKUP(F18, Sheet1!$F$4:$F$23,Sheet1!$G$4:$G$23,"", 1) -> Accessories | AE18: =_xlfn.XLOOKUP(F18, Sheet1!$F$4:$F$23, Sheet1!$L$4:$L$23, "", 1) -> 18000 | AF18: =IF(I18>L18,"standard", "within standard") -> within standard | AG18: =IF(K18="Retail", "Retail", " Corporate ") -> Retail | AH18: =IF(AND(J18>0.05, K18="Corporate"),"having both", "not having") -> not having | AI18: =IF(OR(D18="North", D18="South"),"having ", "not having") -> having
A19: O1016 | B19: 46078 | C19: =TEXT(B19, "mmm-yyyy") -> Feb-2026 | D19: East | E19: Meera | F19: Laptop | G19: Electronics | H19: 3 | I19: 570000 | J19: 0.05 | K19: Corporate | L19: =H19*I19 -> 1710000 | M19: =L19-H19*I19*J19 -> 1624500 | Z19: =IF(M19>=100000,"High", "Normal") -> High | AA19: 1624500 | AB19: =LEFT(Sheet1!$A19, 3) -> O10 | AC19: =MONTH(B19) -> 2 | AD19: =_xlfn.XLOOKUP(F19, Sheet1!$F$4:$F$23,Sheet1!$G$4:$G$23,"", 1) -> Electronics | AE19: =_xlfn.XLOOKUP(F19, Sheet1!$F$4:$F$23, Sheet1!$L$4:$L$23, "", 1) -> 165000 | AF19: =IF(I19>L19,"standard", "within standard") -> within standard | AG19: =IF(K19="Retail", "Retail", " Corporate ") -> Corporate | AH19: =IF(AND(J19>0.05, K19="Corporate"),"having both", "not having") -> not having | AI19: =IF(OR(D19="North", D19="South"),"having ", "not having") -> not having
A20: O1017 | B20: 46084 | C20: =TEXT(B20, "mmm-yyyy") -> Mar-2026 | D20: North | E20: Aarav | F20: Monitor | G20: Electronics | H20: 6 | I20: 17900 | J20: 0 | K20: Retail | L20: =H20*I20 -> 107400 | M20: =L20-H20*I20*J20 -> 107400 | Z20: =IF(M20>=100000,"High", "Normal") -> High | AA20: 107400 | AB20: =LEFT(Sheet1!$A20, 3) -> O10 | AC20: =MONTH(B20) -> 3 | AD20: =_xlfn.XLOOKUP(F20, Sheet1!$F$4:$F$23,Sheet1!$G$4:$G$23,"", 1) -> Electronics | AE20: =_xlfn.XLOOKUP(F20, Sheet1!$F$4:$F$23, Sheet1!$L$4:$L$23, "", 1) -> 90000 | AF20: =IF(I20>L20,"standard", "within standard") -> within standard | AG20: =IF(K20="Retail", "Retail", " Corporate ") -> Retail | AH20: =IF(AND(J20>0.05, K20="Corporate"),"having both", "not having") -> not having | AI20: =IF(OR(D20="North", D20="South"),"having ", "not having") -> having
A21: O1018 | B21: 46089 | C21: =TEXT(B21, "mmm-yyyy") -> Mar-2026 | D21: West | E21: Riya | F21: Keyboard | G21: Accessories | H21: 14 | I21: 2250 | J21: 0.08 | K21: Retail | L21: =H21*I21 -> 31500 | M21: =L21-H21*I21*J21 -> 28980 | Z21: =IF(M21>=100000,"High", "Normal") -> Normal | AA21: 28980 | AB21: =LEFT(Sheet1!$A21, 3) -> O10 | AC21: =MONTH(B21) -> 3 | AD21: =_xlfn.XLOOKUP(F21, Sheet1!$F$4:$F$23,Sheet1!$G$4:$G$23,"", 1) -> Accessories | AE21: =_xlfn.XLOOKUP(F21, Sheet1!$F$4:$F$23, Sheet1!$L$4:$L$23, "", 1) -> 26400 | AF21: =IF(I21>L21,"standard", "within standard") -> within standard | AG21: =IF(K21="Retail", "Retail", " Corporate ") -> Retail | AH21: =IF(AND(J21>0.05, K21="Corporate"),"having both", "not having") -> not having | AI21: =IF(OR(D21="North", D21="South"),"having ", "not having") -> not having | BA21: q7
A22: O1019 | B22: 46095 | C22: =TEXT(B22, "mmm-yyyy") -> Mar-2026 | D22: South | E22: Kabir | F22: Printer | G22: Office | H22: 7 | I22: 146000 | J22: 0.05 | K22: Corporate | L22: =H22*I22 -> 1022000 | M22: =L22-H22*I22*J22 -> 970900 | Z22: =IF(M22>=100000,"High", "Normal") -> High | AA22: 970900 | AB22: =LEFT(Sheet1!$A22, 3) -> O10 | AC22: =MONTH(B22) -> 3 | AD22: =_xlfn.XLOOKUP(F22, Sheet1!$F$4:$F$23,Sheet1!$G$4:$G$23,"", 1) -> Office | AE22: =_xlfn.XLOOKUP(F22, Sheet1!$F$4:$F$23, Sheet1!$L$4:$L$23, "", 1) -> 58000 | AF22: =IF(I22>L22,"standard", "within standard") -> within standard | AG22: =IF(K22="Retail", "Retail", " Corporate ") -> Corporate | AH22: =IF(AND(J22>0.05, K22="Corporate"),"having both", "not having") -> not having | AI22: =IF(OR(D22="North", D22="South"),"having ", "not having") -> having
A23: O1020 | B23: 46100 | C23: =TEXT(B23, "mmm-yyyy") -> Mar-2026 | D23: East | E23: Meera | F23: Mouse | G23: Accessories | H23: 22 | I23: 920 | J23: 0 | K23: Retail | L23: =H23*I23 -> 20240 | M23: =L23-H23*I23*J23 -> 20240 | Z23: =IF(M23>=100000,"High", "Normal") -> Normal | AA23: 20240 | AB23: =LEFT(Sheet1!$A23, 3) -> O10 | AC23: =MONTH(B23) -> 3 | AD23: =_xlfn.XLOOKUP(F23, Sheet1!$F$4:$F$23,Sheet1!$G$4:$G$23,"", 1) -> Accessories | AE23: =_xlfn.XLOOKUP(F23, Sheet1!$F$4:$F$23, Sheet1!$L$4:$L$23, "", 1) -> 18000 | AF23: =IF(I23>L23,"standard", "within standard") -> within standard | AG23: =IF(K23="Retail", "Retail", " Corporate ") -> Retail | AH23: =IF(AND(J23>0.05, K23="Corporate"),"having both", "not having") -> not having | AI23: =IF(OR(D23="North", D23="South"),"having ", "not having") -> not having
